timestamp,host,events,alerts,critical,failed_auth,process_events
2026-09-25T08:00:00Z,soc-monitor-01,12,0,0,0,8
2026-09-25T08:02:00Z,soc-monitor-01,13,1,0,1,9
2026-09-25T08:04:00Z,soc-monitor-01,14,2,0,2,10
2026-09-25T08:06:00Z,soc-monitor-01,15,3,0,3,11
2026-09-25T08:08:00Z,soc-monitor-01,16,0,0,4,12
2026-09-25T08:10:00Z,soc-monitor-01,12,1,0,5,13
2026-09-25T08:12:00Z,soc-monitor-01,13,2,0,0,14
2026-09-25T08:14:00Z,soc-monitor-01,14,3,1,1,8
2026-09-25T08:16:00Z,soc-monitor-01,15,0,0,2,9
2026-09-25T08:18:00Z,soc-monitor-01,16,1,0,3,10
2026-09-25T08:20:00Z,soc-monitor-01,12,2,0,4,11
2026-09-25T08:22:00Z,soc-monitor-01,13,3,0,5,12
2026-09-25T08:24:00Z,soc-monitor-01,14,0,0,0,13
2026-09-25T08:26:00Z,soc-monitor-01,15,1,0,1,14
2026-09-25T08:28:00Z,soc-monitor-01,16,2,0,2,8
2026-09-25T08:30:00Z,soc-monitor-01,12,3,0,3,9
2026-09-25T08:32:00Z,soc-monitor-01,13,0,1,4,10
2026-09-25T08:34:00Z,soc-monitor-01,14,1,0,5,11
2026-09-25T08:36:00Z,soc-monitor-01,15,2,0,0,12
2026-09-25T08:38:00Z,soc-monitor-01,16,3,0,1,13
2026-09-25T08:40:00Z,soc-monitor-01,12,0,0,2,14
2026-09-25T08:42:00Z,soc-monitor-01,13,1,0,3,8
2026-09-25T08:44:00Z,soc-monitor-01,14,2,0,4,9
2026-09-25T08:46:00Z,soc-monitor-01,15,3,0,5,10
